family,lag_days,autocorr_x,autocorr_y,mean_abs_autocorr,abs_autocorr_x,abs_autocorr_y
GAM,0,1.0,1.0,1.0,1.0,1.0
GAM,5,0.2882430251846393,0.4179061406366984,0.3530745829106688,0.2882430251846393,0.4179061406366984
GAM,10,0.2915277747051578,0.3679106386576017,0.3297192066813798,0.2915277747051578,0.3679106386576017
GAM,15,0.3302863692862269,0.339025520018331,0.334655944652279,0.3302863692862269,0.339025520018331
GAM,20,0.2512731514980758,0.2668597337356738,0.2590664426168748,0.2512731514980758,0.2668597337356738
GAM,25,0.2481731494466318,0.2393249249688014,0.2437490372077166,0.2481731494466318,0.2393249249688014
GAM,30,0.2404151927665727,0.2218176974658623,0.2311164451162175,0.2404151927665727,0.2218176974658623
GAM,35,0.2721968370452491,0.2264506873934647,0.2493237622193569,0.2721968370452491,0.2264506873934647
GAM,40,0.279594243514779,0.2286440498790379,0.2541191466969085,0.279594243514779,0.2286440498790379
GAM,45,0.2639892315320988,0.2081987811754694,0.2360940063537841,0.2639892315320988,0.2081987811754694
GAM,50,0.2387807899744956,0.2289849335467817,0.2338828617606387,0.2387807899744956,0.2289849335467817
GAM,55,0.2030871973181921,0.1878878629980607,0.1954875301581264,0.2030871973181921,0.1878878629980607
GAM,60,0.1771411355374424,0.1472500376651789,0.1621955866013107,0.1771411355374424,0.1472500376651789
GAM,65,0.1848327437555204,0.1274630505056279,0.1561478971305742,0.1848327437555204,0.1274630505056279
GAM,70,0.217807050526938,0.0930798633154115,0.1554434569211748,0.217807050526938,0.0930798633154115
GAM,75,0.1245920701720266,0.0852342822179279,0.1049131761949772,0.1245920701720266,0.0852342822179279
GAM,80,0.1214812932911407,0.0766935690027409,0.0990874311469408,0.1214812932911407,0.0766935690027409
GAM,85,0.179386609316347,0.0314151602663582,0.1054008847913526,0.179386609316347,0.0314151602663582
GAM,90,0.2042725652880553,0.0193003470046136,0.1117864561463345,0.2042725652880553,0.0193003470046136
GAM,95,0.1939416787684138,0.0305568629532579,0.1122492708608358,0.1939416787684138,0.0305568629532579
GAM,100,0.1457105432022504,0.0439513020871465,0.0948309226446984,0.1457105432022504,0.0439513020871465
GAM,105,0.1397695103952455,0.0278553728762918,0.0838124416357686,0.1397695103952455,0.0278553728762918
GAM,110,0.2312963186044102,0.0156001244713846,0.1234482215378974,0.2312963186044102,0.0156001244713846
GAM,115,0.1471828138974069,-0.0520994864100084,0.0996411501537076,0.1471828138974069,0.0520994864100084
GAM,120,0.1008757033224977,-0.0240439021780876,0.0624598027502927,0.1008757033224977,0.0240439021780876
GAM,125,0.1913143354410049,-0.0179675448393551,0.10464094014018,0.1913143354410049,0.0179675448393551
GAM,130,0.1497012335701922,-0.0963537293646478,0.12302748146742,0.1497012335701922,0.0963537293646478
GAM,135,0.1387116096004506,-0.0848940113003628,0.1118028104504067,0.1387116096004506,0.0848940113003628
GAM,140,0.1376042047357372,-0.1098452497074836,0.1237247272216104,0.1376042047357372,0.1098452497074836
GAM,145,0.1318980071050229,-0.1130056728496527,0.1224518399773378,0.1318980071050229,0.1130056728496527
GAM,150,0.1265157834906313,-0.1209847210348593,0.1237502522627453,0.1265157834906313,0.1209847210348593
GAM,155,0.1302538355781892,-0.1505476380702084,0.1404007368241988,0.1302538355781892,0.1505476380702084
GAM,160,0.1443183708118789,-0.1348456811376742,0.1395820259747766,0.1443183708118789,0.1348456811376742
GAM,165,0.0960932453678095,-0.1313772523429282,0.1137352488553688,0.0960932453678095,0.1313772523429282
GAM,170,0.0775160154908382,-0.1657609604918017,0.12163848799132,0.0775160154908382,0.1657609604918017
GAM,175,0.135549856125755,-0.1741820797045657,0.1548659679151604,0.135549856125755,0.1741820797045657
GAM,180,0.1069824283014371,-0.1946919576868993,0.1508371929941682,0.1069824283014371,0.1946919576868993
GAM,185,0.0498615316073649,-0.1748896067078889,0.1123755691576269,0.0498615316073649,0.1748896067078889
GAM,190,0.0931608097725624,-0.1669997774277439,0.1300802936001532,0.0931608097725624,0.1669997774277439
GAM,195,0.1141849784140136,-0.1865166267699697,0.1503508025919917,0.1141849784140136,0.1865166267699697
GAM,200,0.1106059162705963,-0.1671334093338198,0.138869662802208,0.1106059162705963,0.1671334093338198
GAM,205,0.1328834429086805,-0.1769482827320617,0.1549158628203711,0.1328834429086805,0.1769482827320617
GAM,210,0.1348103064590589,-0.0804287830445165,0.1076195447517877,0.1348103064590589,0.0804287830445165
GAM,215,0.1052072161989608,-0.1315129465135805,0.1183600813562706,0.1052072161989608,0.1315129465135805
GAM,220,0.1656013626174544,-0.113101933333996,0.1393516479757252,0.1656013626174544,0.113101933333996
GAM,225,0.1211597870387836,-0.0692852216301069,0.0952225043344452,0.1211597870387836,0.0692852216301069
GAM,230,0.1279003993074227,-0.051613901594761,0.0897571504510919,0.1279003993074227,0.051613901594761
GAM,235,0.1593726670967309,-0.0380041183805304,0.0986883927386306,0.1593726670967309,0.0380041183805304
GAM,240,0.1148415922327363,-0.0803987277348308,0.0976201599837835,0.1148415922327363,0.0803987277348308
GAM,245,0.114945872394571,0.016441221564621,0.065693546979596,0.114945872394571,0.016441221564621
GAM,250,0.0815334958505114,-0.0068283431654927,0.044180919508002,0.0815334958505114,0.0068283431654927
GAM,255,0.0937629492207891,-0.0071614254288225,0.0504621873248058,0.0937629492207891,0.0071614254288225
GAM,260,0.1355940115479415,0.04579933115536,0.0906966713516508,0.1355940115479415,0.04579933115536
GAM,265,0.1598364173215536,0.0313118620645722,0.0955741396930629,0.1598364173215536,0.0313118620645722
GAM,270,0.141731670342501,0.0607353581221475,0.1012335142323242,0.141731670342501,0.0607353581221475
GAM,275,0.1368516008139146,0.0856434647365123,0.1112475327752134,0.1368516008139146,0.0856434647365123
GAM,280,0.0315818110390192,0.0343264294334296,0.0329541202362244,0.0315818110390192,0.0343264294334296
GAM,285,0.1421211085986605,0.118106220899198,0.1301136647489292,0.1421211085986605,0.118106220899198
GAM,290,0.1302143211319672,0.1494952392323026,0.1398547801821349,0.1302143211319672,0.1494952392323026
GAM,295,0.0989283520806996,0.1139545968538962,0.1064414744672979,0.0989283520806996,0.1139545968538962
GAM,300,0.1186866115909799,0.0756736563991551,0.0971801339950675,0.1186866115909799,0.0756736563991551
GAM,305,0.1716937615022544,0.1275420602108978,0.1496179108565761,0.1716937615022544,0.1275420602108978
GAM,310,0.0634084753527936,0.1427409865579101,0.1030747309553518,0.0634084753527936,0.1427409865579101
GAM,315,0.1596986630629668,0.1571301255862023,0.1584143943245845,0.1596986630629668,0.1571301255862023
GAM,320,0.1419399238989686,0.1494212226834118,0.1456805732911902,0.1419399238989686,0.1494212226834118
GAM,325,0.1523463132361845,0.1597864310216137,0.1560663721288991,0.1523463132361845,0.1597864310216137
GAM,330,0.1651997159895032,0.1537719383819523,0.1594858271857277,0.1651997159895032,0.1537719383819523
GAM,335,0.2410223968132453,0.2259451007329883,0.2334837487731168,0.2410223968132453,0.2259451007329883
GAM,340,0.1882546901483294,0.2532507093141313,0.2207526997312303,0.1882546901483294,0.2532507093141313
GAM,345,0.1435188916116862,0.2704709839830272,0.2069949377973567,0.1435188916116862,0.2704709839830272
GAM,350,0.1935339949239174,0.2716379092589022,0.2325859520914098,0.1935339949239174,0.2716379092589022
GAM,355,0.2186025200824078,0.2642256736612524,0.2414140968718301,0.2186025200824078,0.2642256736612524
GAM,360,0.1685712593468906,0.2243609326932776,0.1964660960200841,0.1685712593468906,0.2243609326932776
GAM,365,0.2013658487876536,0.2634463289211667,0.2324060888544102,0.2013658487876536,0.2634463289211667
AAM,0,1.0,1.0,1.0,1.0,1.0
AAM,5,0.0332717061551955,0.4353248993134082,0.2342983027343019,0.0332717061551955,0.4353248993134082
AAM,10,0.0254010669024679,0.3882958083701247,0.2068484376362963,0.0254010669024679,0.3882958083701247
AAM,15,0.121610336350688,0.3861192126003174,0.2538647744755027,0.121610336350688,0.3861192126003174
AAM,20,0.0616498145882292,0.3286283303128173,0.1951390724505232,0.0616498145882292,0.3286283303128173
AAM,25,-0.0121125028381859,0.3088098480946281,0.160461175466407,0.0121125028381859,0.3088098480946281
AAM,30,-0.0333334731299541,0.3054449386769039,0.169389205903429,0.0333334731299541,0.3054449386769039
AAM,35,0.0591899315149978,0.3210967342268858,0.1901433328709418,0.0591899315149978,0.3210967342268858
AAM,40,0.0306876002720482,0.2848035188163356,0.1577455595441919,0.0306876002720482,0.2848035188163356
AAM,45,0.0201372107382989,0.2357588034435738,0.1279480070909364,0.0201372107382989,0.2357588034435738
AAM,50,0.0278066316720774,0.245740036768598,0.1367733342203377,0.0278066316720774,0.245740036768598
AAM,55,-0.0531341325207747,0.1911432043523044,0.1221386684365395,0.0531341325207747,0.1911432043523044
AAM,60,-0.0083454849967941,0.1551260826050688,0.0817357838009315,0.0083454849967941,0.1551260826050688
AAM,65,-0.0255561310343665,0.1016874152061091,0.0636217731202378,0.0255561310343665,0.1016874152061091
AAM,70,0.0065851037027934,0.0857931334098957,0.0461891185563446,0.0065851037027934,0.0857931334098957
AAM,75,-0.0650830562209819,0.0694030021115178,0.0672430291662499,0.0650830562209819,0.0694030021115178
AAM,80,-0.0301926814274302,0.042951253635936,0.0365719675316831,0.0301926814274302,0.042951253635936
AAM,85,-0.0306617407841929,-0.0260885838428473,0.0283751623135201,0.0306617407841929,0.0260885838428473
AAM,90,0.031838520222533,-0.0294872931820126,0.0306629067022728,0.031838520222533,0.0294872931820126
AAM,95,-0.0236928822447215,-0.0630015207626533,0.0433472015036874,0.0236928822447215,0.0630015207626533
AAM,100,-0.0300780060658841,-0.0871872459772554,0.0586326260215697,0.0300780060658841,0.0871872459772554
AAM,105,-0.0072545893782902,-0.0816045954091058,0.044429592393698,0.0072545893782902,0.0816045954091058
AAM,110,-0.0001688051156892,-0.0868968864425739,0.0435328457791316,0.0001688051156892,0.0868968864425739
AAM,115,-0.0300057965302462,-0.1721800668945301,0.1010929317123881,0.0300057965302462,0.1721800668945301
AAM,120,-0.0346597135679579,-0.159893637024643,0.0972766752963005,0.0346597135679579,0.159893637024643
AAM,125,0.0114377604974395,-0.1760131025932512,0.0937254315453453,0.0114377604974395,0.1760131025932512
AAM,130,0.0176285309477729,-0.233798070062544,0.1257133005051584,0.0176285309477729,0.233798070062544
AAM,135,-0.0331412746254525,-0.2314193561752936,0.1322803154003731,0.0331412746254525,0.2314193561752936
AAM,140,0.0027887328417487,-0.2935492097459303,0.1481689712938395,0.0027887328417487,0.2935492097459303
AAM,145,0.0490493058363208,-0.3023800428257304,0.1757146743310256,0.0490493058363208,0.3023800428257304
AAM,150,-0.0249560912373305,-0.3287520249859393,0.1768540581116349,0.0249560912373305,0.3287520249859393
AAM,155,-0.0498355716711838,-0.3478876094445375,0.1988615905578606,0.0498355716711838,0.3478876094445375
AAM,160,-0.0193066198175652,-0.3276904068165217,0.1734985133170434,0.0193066198175652,0.3276904068165217
AAM,165,-0.0256804647443995,-0.3252280430604946,0.175454253902447,0.0256804647443995,0.3252280430604946
AAM,170,-0.0504537974281175,-0.33290762910209,0.1916807132651037,0.0504537974281175,0.33290762910209
AAM,175,-0.0278929088822985,-0.357085258669746,0.1924890837760222,0.0278929088822985,0.357085258669746
AAM,180,-0.0257661752991644,-0.3913775259129737,0.2085718506060691,0.0257661752991644,0.3913775259129737
AAM,185,-0.0372655718796373,-0.3777969172899683,0.2075312445848028,0.0372655718796373,0.3777969172899683
AAM,190,-0.0672570143888315,-0.3819163929439267,0.2245867036663791,0.0672570143888315,0.3819163929439267
AAM,195,-0.0406552007619121,-0.39788983205043,0.219272516406171,0.0406552007619121,0.39788983205043
AAM,200,-0.0790669484816533,-0.3751091191145463,0.2270880337980998,0.0790669484816533,0.3751091191145463
AAM,205,-0.0539231516250048,-0.3501018843954387,0.2020125180102217,0.0539231516250048,0.3501018843954387
AAM,210,-0.0152852545658013,-0.2676278232984728,0.141456538932137,0.0152852545658013,0.2676278232984728
AAM,215,-0.0234578398876414,-0.2938965470562784,0.1586771934719599,0.0234578398876414,0.2938965470562784
AAM,220,-0.0331358181496245,-0.2902974933887416,0.161716655769183,0.0331358181496245,0.2902974933887416
AAM,225,-0.0096738273594621,-0.2200288053003802,0.1148513163299212,0.0096738273594621,0.2200288053003802
AAM,230,-0.0591800987755369,-0.2239902454872419,0.1415851721313894,0.0591800987755369,0.2239902454872419
AAM,235,-0.0403912265528913,-0.2170964790279215,0.1287438527904064,0.0403912265528913,0.2170964790279215
AAM,240,-0.0241490448163305,-0.2111603024433466,0.1176546736298385,0.0241490448163305,0.2111603024433466
AAM,245,-0.0114230785460116,-0.1044191042738738,0.0579210914099427,0.0114230785460116,0.1044191042738738
AAM,250,-0.0720413890866311,-0.1400755202782792,0.1060584546824551,0.0720413890866311,0.1400755202782792
AAM,255,0.0132646015408015,-0.1065876970671429,0.0599261493039722,0.0132646015408015,0.1065876970671429
AAM,260,0.0126340100118197,-0.0272477012320025,0.0199408556219111,0.0126340100118197,0.0272477012320025
AAM,265,0.005992972374285,-0.0575536446201509,0.031773308497218,0.005992972374285,0.0575536446201509
AAM,270,0.0007920902868715,-0.0115550875181288,0.0061735889025002,0.0007920902868715,0.0115550875181288
AAM,275,-0.0053040109913873,-0.0021862263698182,0.0037451186806027,0.0053040109913873,0.0021862263698182
AAM,280,-0.0506312406831466,0.0140462219703569,0.0323387313267517,0.0506312406831466,0.0140462219703569
AAM,285,0.0438858597786759,0.0861546110854003,0.0650202354320381,0.0438858597786759,0.0861546110854003
AAM,290,-0.0009571185328506,0.0859273832262524,0.0434422508795515,0.0009571185328506,0.0859273832262524
AAM,295,-0.0013493830663189,0.1007958404453604,0.0510726117558396,0.0013493830663189,0.1007958404453604
AAM,300,-0.028831632979467,0.090481722047986,0.0596566775137265,0.028831632979467,0.090481722047986
AAM,305,0.0661728579865969,0.1576390098804972,0.111905933933547,0.0661728579865969,0.1576390098804972
AAM,310,-0.0473582453931651,0.1877292884395786,0.1175437669163719,0.0473582453931651,0.1877292884395786
AAM,315,0.0307671628393864,0.2001136546859631,0.1154404087626747,0.0307671628393864,0.2001136546859631
AAM,320,-0.0245626550008304,0.2055728925982712,0.1150677737995508,0.0245626550008304,0.2055728925982712
AAM,325,0.007627574508454,0.219964026385797,0.1137958004471255,0.007627574508454,0.219964026385797
AAM,330,0.0551280901672915,0.2704166003672775,0.1627723452672845,0.0551280901672915,0.2704166003672775
AAM,335,0.0955354441470829,0.3066731274351225,0.2011042857911026,0.0955354441470829,0.3066731274351225
AAM,340,0.0833028780012501,0.3578408368214764,0.2205718574113633,0.0833028780012501,0.3578408368214764
AAM,345,0.0265907972811038,0.3625315527610243,0.194561175021064,0.0265907972811038,0.3625315527610243
AAM,350,0.0516701435506469,0.3561604091828781,0.2039152763667625,0.0516701435506469,0.3561604091828781
AAM,355,0.1051242037834295,0.3611564464142381,0.2331403250988338,0.1051242037834295,0.3611564464142381
AAM,360,0.0084033969604021,0.3596416046691028,0.1840225008147525,0.0084033969604021,0.3596416046691028
AAM,365,0.052804346919442,0.3800227166606865,0.2164135317900642,0.052804346919442,0.3800227166606865
OAM,0,1.0,1.0,1.0,1.0,1.0
OAM,5,0.1641867644428543,0.1338379674229082,0.1490123659328812,0.1641867644428543,0.1338379674229082
OAM,10,0.1665641459240865,0.1622042854585993,0.1643842156913429,0.1665641459240865,0.1622042854585993
OAM,15,0.1953628274918546,0.1169267930283692,0.1561448102601119,0.1953628274918546,0.1169267930283692
OAM,20,0.1487982047588111,0.0841209442872739,0.1164595745230425,0.1487982047588111,0.0841209442872739
OAM,25,0.1180498438453461,0.0584037479043795,0.0882267958748628,0.1180498438453461,0.0584037479043795
OAM,30,0.1383275673273576,0.0598554430092412,0.0990915051682994,0.1383275673273576,0.0598554430092412
OAM,35,0.1387373580809147,0.0485609542341832,0.0936491561575489,0.1387373580809147,0.0485609542341832
OAM,40,0.1132772281629716,0.0610896973374592,0.0871834627502154,0.1132772281629716,0.0610896973374592
OAM,45,0.1076822424861709,0.0610778534363822,0.0843800479612766,0.1076822424861709,0.0610778534363822
OAM,50,0.0868222225323403,0.0697824043791691,0.0783023134557547,0.0868222225323403,0.0697824043791691
OAM,55,0.0995654629811286,0.0617317909248626,0.0806486269529956,0.0995654629811286,0.0617317909248626
OAM,60,0.0523936093355485,0.044826273966736,0.0486099416511423,0.0523936093355485,0.044826273966736
OAM,65,0.08349867798905,0.0658122374089429,0.0746554576989964,0.08349867798905,0.0658122374089429
OAM,70,0.0258376840704401,0.0410328371634527,0.0334352606169464,0.0258376840704401,0.0410328371634527
OAM,75,0.005258071250836,0.0731412948255594,0.0391996830381977,0.005258071250836,0.0731412948255594
OAM,80,0.0616573558119582,0.0239194508465926,0.0427884033292754,0.0616573558119582,0.0239194508465926
OAM,85,0.0258058119962504,0.0394617654037017,0.032633788699976,0.0258058119962504,0.0394617654037017
OAM,90,0.0402525257515918,0.0261337886414971,0.0331931571965445,0.0402525257515918,0.0261337886414971
OAM,95,0.0405294916076165,0.0445188719660801,0.0425241817868483,0.0405294916076165,0.0445188719660801
OAM,100,-0.0336200110736698,0.0538799071374278,0.0437499591055488,0.0336200110736698,0.0538799071374278
OAM,105,-0.0364109519939018,0.0555051682600672,0.0459580601269845,0.0364109519939018,0.0555051682600672
OAM,110,0.0187958445154364,0.0208180310351821,0.0198069377753093,0.0187958445154364,0.0208180310351821
OAM,115,-0.0378039774614188,0.0535841289717908,0.0456940532166048,0.0378039774614188,0.0535841289717908
OAM,120,-0.0769588229380612,0.0210988799609748,0.049028851449518,0.0769588229380612,0.0210988799609748
OAM,125,-0.0563858625879317,0.0595213669402961,0.0579536147641139,0.0563858625879317,0.0595213669402961
OAM,130,-0.0673790653785777,0.040457538680102,0.0539183020293398,0.0673790653785777,0.040457538680102
OAM,135,-0.0485925865575489,0.066953300785157,0.0577729436713529,0.0485925865575489,0.066953300785157
OAM,140,-0.0443885936991085,0.0424407256469767,0.0434146596730426,0.0443885936991085,0.0424407256469767
OAM,145,-0.0179026693417521,0.06989809106576,0.043900380203756,0.0179026693417521,0.06989809106576
OAM,150,-0.0625398911712284,0.0633146022522394,0.0629272467117339,0.0625398911712284,0.0633146022522394
OAM,155,-0.0334507270022673,0.0630283398973718,0.0482395334498196,0.0334507270022673,0.0630283398973718
OAM,160,-0.0311247096155025,0.0780582285956755,0.054591469105589,0.0311247096155025,0.0780582285956755
OAM,165,-0.0349932096309575,0.0801331424215823,0.0575631760262699,0.0349932096309575,0.0801331424215823
OAM,170,-0.076960947612072,0.0659651425693038,0.0714630450906879,0.076960947612072,0.0659651425693038
OAM,175,-0.0283161815477936,0.0763578789522791,0.0523370302500363,0.0283161815477936,0.0763578789522791
OAM,180,-0.0366605070958732,0.0932667409609861,0.0649636240284297,0.0366605070958732,0.0932667409609861
OAM,185,-0.0904126297480822,0.0778282859429245,0.0841204578455034,0.0904126297480822,0.0778282859429245
OAM,190,-0.060387805675631,0.0889248156630391,0.074656310669335,0.060387805675631,0.0889248156630391
OAM,195,-0.0220521552176592,0.0599135024425386,0.0409828288300989,0.0220521552176592,0.0599135024425386
OAM,200,-0.0147498845049759,0.064913581076153,0.0398317327905644,0.0147498845049759,0.064913581076153
OAM,205,0.0007034459205641,0.0311664818835879,0.015934963902076,0.0007034459205641,0.0311664818835879
OAM,210,-0.0069395547503449,0.0585401545238838,0.0327398546371144,0.0069395547503449,0.0585401545238838
OAM,215,-0.0896034439925162,0.0291570685426068,0.0593802562675615,0.0896034439925162,0.0291570685426068
OAM,220,-0.0197020306763659,0.0673354781417275,0.0435187544090467,0.0197020306763659,0.0673354781417275
OAM,225,-0.0271096292191033,0.0660910228316855,0.0466003260253944,0.0271096292191033,0.0660910228316855
OAM,230,-0.0491747961035175,0.0372472927124403,0.0432110444079789,0.0491747961035175,0.0372472927124403
OAM,235,-0.0037148118489216,0.0578886406245495,0.0308017262367355,0.0037148118489216,0.0578886406245495
OAM,240,0.028354978742695,0.0154456126371064,0.0219002956899007,0.028354978742695,0.0154456126371064
OAM,245,-0.0119134037723257,0.0072606543286791,0.0095870290505024,0.0119134037723257,0.0072606543286791
OAM,250,-0.0064608643278577,0.0301383275270526,0.0182995959274552,0.0064608643278577,0.0301383275270526
OAM,255,-0.004647964118895,-0.0110513310607649,0.00784964758983,0.004647964118895,0.0110513310607649
OAM,260,-0.0217121357714881,0.0318609690066451,0.0267865523890666,0.0217121357714881,0.0318609690066451
OAM,265,0.000357600919828,-0.0214883357875151,0.0109229683536716,0.000357600919828,0.0214883357875151
OAM,270,0.0184117948534658,0.0046961855575678,0.0115539902055168,0.0184117948534658,0.0046961855575678
OAM,275,0.0143186452536576,0.0488538308334524,0.031586238043555,0.0143186452536576,0.0488538308334524
OAM,280,-0.0224766233551459,0.0004129143669792,0.0114447688610626,0.0224766233551459,0.0004129143669792
OAM,285,0.0340335897241638,0.0173213517608903,0.0256774707425271,0.0340335897241638,0.0173213517608903
OAM,290,0.0129106989183703,0.0376100716045095,0.0252603852614399,0.0129106989183703,0.0376100716045095
OAM,295,0.0238185945542356,0.0144454907305738,0.0191320426424047,0.0238185945542356,0.0144454907305738
OAM,300,0.0159259750011499,-0.0152213387476969,0.0155736568744234,0.0159259750011499,0.0152213387476969
OAM,305,0.0304614405616222,0.0162219499698342,0.0233416952657282,0.0304614405616222,0.0162219499698342
OAM,310,0.0353707845949139,-0.002229896869622,0.018800340732268,0.0353707845949139,0.002229896869622
OAM,315,0.0372014878431619,0.0346455391380028,0.0359235134905823,0.0372014878431619,0.0346455391380028
OAM,320,0.0904164463230305,0.0335674416685858,0.0619919439958082,0.0904164463230305,0.0335674416685858
OAM,325,0.0741489306559481,0.0920610785139478,0.0831050045849479,0.0741489306559481,0.0920610785139478
OAM,330,0.0325886101143234,0.022758870565602,0.0276737403399627,0.0325886101143234,0.022758870565602
OAM,335,0.0689404989846843,0.0692462984041066,0.0690933986943955,0.0689404989846843,0.0692462984041066
OAM,340,0.0496453735678399,0.0647962543981001,0.05722081398297,0.0496453735678399,0.0647962543981001
OAM,345,0.0496054917361515,0.0569594696175866,0.053282480676869,0.0496054917361515,0.0569594696175866
OAM,350,0.0608963474210488,0.0219077489614383,0.0414020481912435,0.0608963474210488,0.0219077489614383
OAM,355,0.1168093846447914,0.0573277011990677,0.0870685429219295,0.1168093846447914,0.0573277011990677
OAM,360,0.078556412312256,0.0313387891237973,0.0549476007180266,0.078556412312256,0.0313387891237973
OAM,365,0.090289632013417,0.0451250151570981,0.0677073235852576,0.090289632013417,0.0451250151570981
HAM,0,1.0,1.0,1.0,1.0,1.0
HAM,5,0.9948440056725032,0.991957663695018,0.9934008346837606,0.9948440056725032,0.991957663695018
HAM,10,0.9857453657386304,0.9764412052833854,0.981093285511008,0.9857453657386304,0.9764412052833854
HAM,15,0.9745933215613763,0.956107338851485,0.9653503302064308,0.9745933215613763,0.956107338851485
HAM,20,0.9618326927334536,0.9315205247590286,0.946676608746241,0.9618326927334536,0.9315205247590286
HAM,25,0.9475277492948544,0.9028426163224272,0.9251851828086408,0.9475277492948544,0.9028426163224272
HAM,30,0.9318818661034524,0.869610443118008,0.9007461546107302,0.9318818661034524,0.869610443118008
HAM,35,0.9150377978192517,0.8316563155875818,0.8733470567034167,0.9150377978192517,0.8316563155875818
HAM,40,0.897449952048913,0.789597686820219,0.843523819434566,0.897449952048913,0.789597686820219
HAM,45,0.8788264907783858,0.7433643281945805,0.8110954094864832,0.8788264907783858,0.7433643281945805
HAM,50,0.8593448011324571,0.692623058133768,0.7759839296331126,0.8593448011324571,0.692623058133768
HAM,55,0.8384225638624565,0.6384365466443487,0.7384295552534026,0.8384225638624565,0.6384365466443487
HAM,60,0.8165334376961406,0.5808674199086802,0.6987004288024103,0.8165334376961406,0.5808674199086802
HAM,65,0.7944342017983974,0.5198356865344568,0.6571349441664271,0.7944342017983974,0.5198356865344568
HAM,70,0.7722448158345364,0.456178419033621,0.6142116174340787,0.7722448158345364,0.456178419033621
HAM,75,0.7499181603474807,0.3900270494740825,0.5699726049107816,0.7499181603474807,0.3900270494740825
HAM,80,0.7279492680600819,0.3221709563055409,0.5250601121828113,0.7279492680600819,0.3221709563055409
HAM,85,0.7066395081712178,0.2538214367985418,0.4802304724848798,0.7066395081712178,0.2538214367985418
HAM,90,0.6852985273955501,0.1846408156784718,0.4349696715370109,0.6852985273955501,0.1846408156784718
HAM,95,0.66361093798051,0.1149988906418522,0.3893049143111811,0.66361093798051,0.1149988906418522
HAM,100,0.6419855582765696,0.044877947447076,0.3434317528618228,0.6419855582765696,0.044877947447076
HAM,105,0.6210011653029268,-0.0239014055855372,0.322451285444232,0.6210011653029268,0.0239014055855372
HAM,110,0.6002954417975606,-0.0909710048863254,0.345633223341943,0.6002954417975606,0.0909710048863254
HAM,115,0.580150398792755,-0.1561313184537227,0.3681408586232388,0.580150398792755,0.1561313184537227
HAM,120,0.5597332065692286,-0.2187450823842466,0.3892391444767376,0.5597332065692286,0.2187450823842466
HAM,125,0.5391684941754428,-0.2775030048536647,0.4083357495145537,0.5391684941754428,0.2775030048536647
HAM,130,0.5193076227174765,-0.3324261236967159,0.4258668732070962,0.5193076227174765,0.3324261236967159
HAM,135,0.5006668139118043,-0.3841311478757148,0.4423989808937595,0.5006668139118043,0.3841311478757148
HAM,140,0.4835303694228225,-0.4321575840567571,0.4578439767397898,0.4835303694228225,0.4321575840567571
HAM,145,0.4675403649418784,-0.4762402335575394,0.4718902992497089,0.4675403649418784,0.4762402335575394
HAM,150,0.4523822195384889,-0.5157806585971109,0.4840814390677999,0.4523822195384889,0.5157806585971109
HAM,155,0.4383225572910048,-0.5496375342278343,0.4939800457594195,0.4383225572910048,0.5496375342278343
HAM,160,0.4256598593113369,-0.5780355524165522,0.5018477058639446,0.4256598593113369,0.5780355524165522
HAM,165,0.4138243868800204,-0.6003748593428089,0.5070996231114147,0.4138243868800204,0.6003748593428089
HAM,170,0.4029307084879222,-0.6161439565461473,0.5095373325170347,0.4029307084879222,0.6161439565461473
HAM,175,0.393003036750925,-0.6268641582955751,0.5099335975232501,0.393003036750925,0.6268641582955751
HAM,180,0.3840871109329119,-0.632978435970222,0.508532773451567,0.3840871109329119,0.632978435970222
HAM,185,0.3769880579300292,-0.634222407976255,0.5056052329531421,0.3769880579300292,0.634222407976255
HAM,190,0.3718665470060693,-0.6302246743167513,0.5010456106614103,0.3718665470060693,0.6302246743167513
HAM,195,0.3686206791815005,-0.6207300830904694,0.4946753811359849,0.3686206791815005,0.6207300830904694
HAM,200,0.3670030136782848,-0.6058374307685244,0.4864202222234046,0.3670030136782848,0.6058374307685244
HAM,205,0.3672039404949418,-0.5857983274347465,0.4765011339648441,0.3672039404949418,0.5857983274347465
HAM,210,0.3687455408749016,-0.5612847514668374,0.4650151461708695,0.3687455408749016,0.5612847514668374
HAM,215,0.3707779187826466,-0.5329386149260279,0.4518582668543373,0.3707779187826466,0.5329386149260279
HAM,220,0.3737324246780432,-0.5008960580010596,0.4373142413395514,0.3737324246780432,0.5008960580010596
HAM,225,0.3775910129274647,-0.4653853756978346,0.4214881943126497,0.3775910129274647,0.4653853756978346
HAM,230,0.3818650462727149,-0.4260946534942183,0.4039798498834666,0.3818650462727149,0.4260946534942183
HAM,235,0.3862231099298325,-0.3826496282163342,0.3844363690730833,0.3862231099298325,0.3826496282163342
HAM,240,0.391082246442228,-0.3353444312863631,0.3632133388642956,0.391082246442228,0.3353444312863631
HAM,245,0.3966118414369654,-0.2857951698486788,0.3412035056428221,0.3966118414369654,0.2857951698486788
HAM,250,0.4031986712125579,-0.2344800913186168,0.3188393812655873,0.4031986712125579,0.2344800913186168
HAM,255,0.41083255840715,-0.1812620009490242,0.2960472796780871,0.41083255840715,0.1812620009490242
HAM,260,0.4193646617249795,-0.1264399464091762,0.2729023040670778,0.4193646617249795,0.1264399464091762
HAM,265,0.4279966343875195,-0.0695193577433725,0.248757996065446,0.4279966343875195,0.0695193577433725
HAM,270,0.4362705207350619,-0.0108593305662937,0.2235649256506778,0.4362705207350619,0.0108593305662937
HAM,275,0.4447615496707437,0.0487785962113723,0.246770072941058,0.4447615496707437,0.0487785962113723
HAM,280,0.4537252208462607,0.1082357988641265,0.2809805098551936,0.4537252208462607,0.1082357988641265
HAM,285,0.4628277911920705,0.166952049881713,0.3148899205368918,0.4628277911920705,0.166952049881713
HAM,290,0.4721463622864636,0.22488558243296,0.3485159723597118,0.4721463622864636,0.22488558243296
HAM,295,0.4814596280706916,0.2815003097422055,0.3814799689064485,0.4814596280706916,0.2815003097422055
HAM,300,0.4908147818874607,0.3353470503498862,0.4130809161186735,0.4908147818874607,0.3353470503498862
HAM,305,0.5000672433619726,0.3857040826601103,0.4428856630110415,0.5000672433619726,0.3857040826601103
HAM,310,0.5093242970099492,0.4341445130963823,0.4717344050531658,0.5093242970099492,0.4341445130963823
HAM,315,0.5185028705188206,0.4804069710780271,0.4994549207984238,0.5185028705188206,0.4804069710780271
HAM,320,0.527243710081235,0.523970834601152,0.5256072723411935,0.527243710081235,0.523970834601152
HAM,325,0.5355871356423156,0.5645654279538648,0.5500762817980902,0.5355871356423156,0.5645654279538648
HAM,330,0.5433919609477543,0.6020808970491474,0.5727364289984509,0.5433919609477543,0.6020808970491474
HAM,335,0.5507372533980431,0.6356835515048643,0.5932104024514537,0.5507372533980431,0.6356835515048643
HAM,340,0.5572336300324227,0.6638228458503225,0.6105282379413726,0.5572336300324227,0.6638228458503225
HAM,345,0.5625764797948241,0.6878751357935674,0.6252258077941957,0.5625764797948241,0.6878751357935674
HAM,350,0.566686492695685,0.7073013290750897,0.6369939108853874,0.566686492695685,0.7073013290750897
HAM,355,0.5700138736983877,0.7224872129147131,0.6462505433065504,0.5700138736983877,0.7224872129147131
HAM,360,0.5725132339554402,0.7337703334128302,0.6531417836841351,0.5725132339554402,0.7337703334128302
HAM,365,0.5740120471386607,0.7415937107464827,0.6578028789425717,0.5740120471386607,0.7415937107464827
SLAM,0,1.0,1.0,1.0,1.0,1.0
SLAM,5,0.4962253218163663,0.6046187413646685,0.5504220315905175,0.4962253218163663,0.6046187413646685
SLAM,10,0.4090365573039447,0.5393617525289163,0.4741991549164305,0.4090365573039447,0.5393617525289163
SLAM,15,0.3936693891567953,0.5161212269110936,0.4548953080339445,0.3936693891567953,0.5161212269110936
SLAM,20,0.3630763969212375,0.5007183079580402,0.4318973524396388,0.3630763969212375,0.5007183079580402
SLAM,25,0.3372582493865276,0.4717631372407463,0.404510693313637,0.3372582493865276,0.4717631372407463
SLAM,30,0.3016842048351716,0.478444923402424,0.3900645641187978,0.3016842048351716,0.478444923402424
SLAM,35,0.3662554295897852,0.4815991108381382,0.4239272702139617,0.3662554295897852,0.4815991108381382
SLAM,40,0.3489061217587908,0.4491719383051723,0.3990390300319816,0.3489061217587908,0.4491719383051723
SLAM,45,0.2857969817842016,0.4245647728967617,0.3551808773404816,0.2857969817842016,0.4245647728967617
SLAM,50,0.2712620575613556,0.3766194419208943,0.3239407497411249,0.2712620575613556,0.3766194419208943
SLAM,55,0.2644329993175576,0.3456346616674005,0.3050338304924791,0.2644329993175576,0.3456346616674005
SLAM,60,0.2250877417943915,0.326209191589841,0.2756484666921163,0.2250877417943915,0.326209191589841
SLAM,65,0.2317986770194589,0.3084910765291185,0.2701448767742887,0.2317986770194589,0.3084910765291185
SLAM,70,0.2189035729202778,0.2754339421401179,0.2471687575301978,0.2189035729202778,0.2754339421401179
SLAM,75,0.1620177960551102,0.270393904084641,0.2162058500698756,0.1620177960551102,0.270393904084641
SLAM,80,0.1368809603510637,0.2651884286942277,0.2010346945226457,0.1368809603510637,0.2651884286942277
SLAM,85,0.1456504575719046,0.229671221244825,0.1876608394083648,0.1456504575719046,0.229671221244825
SLAM,90,0.1620340728849305,0.1970426942243456,0.179538383554638,0.1620340728849305,0.1970426942243456
SLAM,95,0.0999944201299421,0.1879424168902378,0.14396841851009,0.0999944201299421,0.1879424168902378
SLAM,100,0.0683328095707895,0.1321217471007706,0.1002272783357801,0.0683328095707895,0.1321217471007706
SLAM,105,0.0592414233490482,0.08532300765178,0.0722822155004142,0.0592414233490482,0.08532300765178
SLAM,110,0.0230743660315395,0.0718576656545056,0.0474660158430225,0.0230743660315395,0.0718576656545056
SLAM,115,-0.0346274797393575,0.0661546313575129,0.0503910555484352,0.0346274797393575,0.0661546313575129
SLAM,120,-0.0689037074624743,0.0460560720257254,0.0574798897440998,0.0689037074624743,0.0460560720257254
SLAM,125,-0.0481521331150762,0.0430876648731656,0.0456198989941209,0.0481521331150762,0.0430876648731656
SLAM,130,-0.0672435472084105,-0.0155712780725568,0.0414074126404836,0.0672435472084105,0.0155712780725568
SLAM,135,-0.1216208256482496,-0.0099001070008623,0.0657604663245559,0.1216208256482496,0.0099001070008623
SLAM,140,-0.1343154704262744,-0.0540266450036714,0.0941710577149729,0.1343154704262744,0.0540266450036714
SLAM,145,-0.0820529701104812,-0.0383043555830081,0.0601786628467446,0.0820529701104812,0.0383043555830081
SLAM,150,-0.1271764819905852,-0.0566688054661761,0.0919226437283806,0.1271764819905852,0.0566688054661761
SLAM,155,-0.1229966937914456,-0.0557706302960568,0.0893836620437512,0.1229966937914456,0.0557706302960568
SLAM,160,-0.1006308762644301,-0.0453811194590364,0.0730059978617332,0.1006308762644301,0.0453811194590364
SLAM,165,-0.1396122801702246,-0.0535968650359753,0.0966045726030999,0.1396122801702246,0.0535968650359753
SLAM,170,-0.1146169190630384,-0.0593581149860952,0.0869875170245668,0.1146169190630384,0.0593581149860952
SLAM,175,-0.1305963903013512,-0.1148154143654874,0.1227059023334193,0.1305963903013512,0.1148154143654874
SLAM,180,-0.1397378217937599,-0.1164481273819668,0.1280929745878634,0.1397378217937599,0.1164481273819668
SLAM,185,-0.1628482804232,-0.1197961611115253,0.1413222207673626,0.1628482804232,0.1197961611115253
SLAM,190,-0.1409747467030276,-0.1536975989298265,0.147336172816427,0.1409747467030276,0.1536975989298265
SLAM,195,-0.1316797980868174,-0.1292038703126947,0.130441834199756,0.1316797980868174,0.1292038703126947
SLAM,200,-0.1256731790955308,-0.1002596539667534,0.1129664165311421,0.1256731790955308,0.1002596539667534
SLAM,205,-0.1416104889967983,-0.0793785539461465,0.1104945214714724,0.1416104889967983,0.0793785539461465
SLAM,210,-0.1046964320741672,-0.0918932101908343,0.0982948211325007,0.1046964320741672,0.0918932101908343
SLAM,215,-0.0852729336274817,-0.0958599566881249,0.0905664451578033,0.0852729336274817,0.0958599566881249
SLAM,220,-0.0948917090250335,-0.0831253026238683,0.0890085058244509,0.0948917090250335,0.0831253026238683
SLAM,225,-0.0864067215773537,-0.0888357256973998,0.0876212236373767,0.0864067215773537,0.0888357256973998
SLAM,230,-0.0428339530574695,-0.0728036522214342,0.0578188026394518,0.0428339530574695,0.0728036522214342
SLAM,235,-0.0696046254199012,-0.0540497664388067,0.061827195929354,0.0696046254199012,0.0540497664388067
SLAM,240,-0.062467388286777,-0.051212706322039,0.056840047304408,0.062467388286777,0.051212706322039
SLAM,245,-0.0407704988012604,0.0001867881076961,0.0204786434544782,0.0407704988012604,0.0001867881076961
SLAM,250,-0.033645448987101,-0.0406444260938325,0.0371449375404668,0.033645448987101,0.0406444260938325
SLAM,255,-0.0021472426066176,-0.0079841374020045,0.005065690004311,0.0021472426066176,0.0079841374020045
SLAM,260,0.012059920628318,0.0162819533481234,0.0141709369882207,0.012059920628318,0.0162819533481234
SLAM,265,0.0232478902034974,0.0107350215431574,0.0169914558733274,0.0232478902034974,0.0107350215431574
SLAM,270,0.038892763998523,0.0299144676073,0.0344036158029115,0.038892763998523,0.0299144676073
SLAM,275,0.0485888399694952,0.0363773710368109,0.042483105503153,0.0485888399694952,0.0363773710368109
SLAM,280,0.1002705903816158,0.0488711424372147,0.0745708664094153,0.1002705903816158,0.0488711424372147
SLAM,285,0.0902460403394,0.0615157141369572,0.0758808772381786,0.0902460403394,0.0615157141369572
SLAM,290,0.1386159339209749,0.1074873617170946,0.1230516478190347,0.1386159339209749,0.1074873617170946
SLAM,295,0.1213733153578317,0.1331696146649329,0.1272714650113823,0.1213733153578317,0.1331696146649329
SLAM,300,0.1075739213824603,0.1357932789335987,0.1216836001580295,0.1075739213824603,0.1357932789335987
SLAM,305,0.1171313382329083,0.1390011669445117,0.12806625258871,0.1171313382329083,0.1390011669445117
SLAM,310,0.0904647586702848,0.1451641651451728,0.1178144619077288,0.0904647586702848,0.1451641651451728
SLAM,315,0.1388549876525008,0.1805343081244685,0.1596946478884847,0.1388549876525008,0.1805343081244685
SLAM,320,0.1321427131746036,0.1804017616603734,0.1562722374174885,0.1321427131746036,0.1804017616603734
SLAM,325,0.12907749665343,0.1940156807362473,0.1615465886948386,0.12907749665343,0.1940156807362473
SLAM,330,0.1842148551718487,0.2281646818704896,0.2061897685211692,0.1842148551718487,0.2281646818704896
SLAM,335,0.2382102942045089,0.212425276425446,0.2253177853149774,0.2382102942045089,0.212425276425446
SLAM,340,0.2143688356806855,0.2207857538638135,0.2175772947722495,0.2143688356806855,0.2207857538638135
SLAM,345,0.1826466099144592,0.2182101595552829,0.200428384734871,0.1826466099144592,0.2182101595552829
SLAM,350,0.2228171923382838,0.1916023169989628,0.2072097546686233,0.2228171923382838,0.1916023169989628
SLAM,355,0.2551526669652773,0.1737450762637842,0.2144488716145307,0.2551526669652773,0.1737450762637842
SLAM,360,0.2799727604777799,0.2186423386451208,0.2493075495614504,0.2799727604777799,0.2186423386451208
SLAM,365,0.2727778652522127,0.23403157665756,0.2534047209548864,0.2727778652522127,0.23403157665756
