variable_label,variable_name,variable_family,variable_axis,key_patch_index,last_key_patch_index,lag_days,attention_weight,lag_enrichment,attention_count
chi_x,Chi_x_no_long,target,x,47,47,0,0.0204540537098891,0.9588253605681596,2472
chi_x,Chi_x_no_long,target,x,46,47,8,0.0275854048547493,1.293121946946187,4944
chi_x,Chi_x_no_long,target,x,45,47,16,0.0347035876153261,1.6268012385332784,7416
chi_x,Chi_x_no_long,target,x,44,47,24,0.036235111977862,1.6985945573519028,9888
chi_x,Chi_x_no_long,target,x,43,47,32,0.0374963587541608,1.757718064711498,9888
chi_x,Chi_x_no_long,target,x,42,47,40,0.0353682657010908,1.6579593754133508,9888
chi_x,Chi_x_no_long,target,x,41,47,48,0.0343771046519727,1.611496685729382,9888
chi_x,Chi_x_no_long,target,x,40,47,56,0.0341589144746911,1.6012685774838589,9888
chi_x,Chi_x_no_long,target,x,39,47,64,0.0315821335730987,1.4804767328882835,9888
chi_x,Chi_x_no_long,target,x,38,47,72,0.0271550914616149,1.2729501316091665,9888
chi_x,Chi_x_no_long,target,x,37,47,80,0.0205941826182227,0.9653941880956828,9888
chi_x,Chi_x_no_long,target,x,36,47,88,0.0159383079874303,0.7471405971475342,9888
chi_x,Chi_x_no_long,target,x,35,47,96,0.0141174723133395,0.66178522229089,9888
chi_x,Chi_x_no_long,target,x,34,47,104,0.0145326593451638,0.6812479586823428,9888
chi_x,Chi_x_no_long,target,x,33,47,112,0.0151828787487861,0.7117283154355423,9888
chi_x,Chi_x_no_long,target,x,32,47,120,0.0149413664984877,0.7004069375923825,9888
chi_x,Chi_x_no_long,target,x,31,47,128,0.0146305614368795,0.6858373183135005,9888
chi_x,Chi_x_no_long,target,x,30,47,136,0.0145136719010116,0.6803578836271138,9888
chi_x,Chi_x_no_long,target,x,29,47,144,0.0140222973124876,0.6573237005894602,9888
chi_x,Chi_x_no_long,target,x,28,47,152,0.0133373290978637,0.625214422659534,9888
chi_x,Chi_x_no_long,target,x,27,47,160,0.0130826280202962,0.6132747917189075,9888
chi_x,Chi_x_no_long,target,x,26,47,168,0.0131069834215262,0.6144165006777957,9888
chi_x,Chi_x_no_long,target,x,25,47,176,0.0128692810075052,0.6032737166573638,9888
chi_x,Chi_x_no_long,target,x,24,47,184,0.0124315590313626,0.5827546089266252,9888
chi_x,Chi_x_no_long,target,x,23,47,192,0.0122829952533578,0.5757903797311221,9888
chi_x,Chi_x_no_long,target,x,22,47,200,0.0123443632448621,0.578667129123494,9888
chi_x,Chi_x_no_long,target,x,21,47,208,0.012786206815413,0.5993794449733005,9888
chi_x,Chi_x_no_long,target,x,20,47,216,0.0138133866364097,0.6475305878325471,9888
chi_x,Chi_x_no_long,target,x,19,47,224,0.015662902817095,0.7342304197570542,9888
chi_x,Chi_x_no_long,target,x,18,47,232,0.018993984687615,0.8903816561273384,9888
chi_x,Chi_x_no_long,target,x,17,47,240,0.0225998840828801,1.0594155228060955,9888
chi_x,Chi_x_no_long,target,x,16,47,248,0.0244943697350709,1.1482233901519598,9888
chi_x,Chi_x_no_long,target,x,15,47,256,0.0240684501517861,1.1282575435863644,9888
chi_x,Chi_x_no_long,target,x,14,47,264,0.0215180562650354,1.008702643968975,9888
chi_x,Chi_x_no_long,target,x,13,47,272,0.0203290724414237,0.952966609461888,9888
chi_x,Chi_x_no_long,target,x,12,47,280,0.0210542910625741,0.986962707046156,9888
chi_x,Chi_x_no_long,target,x,11,47,288,0.0220882947880044,1.0354337343019977,9888
chi_x,Chi_x_no_long,target,x,10,47,296,0.0218403874317371,1.0238125728622225,9888
chi_x,Chi_x_no_long,target,x,9,47,304,0.0228825694809689,1.0726669756767215,9888
chi_x,Chi_x_no_long,target,x,8,47,312,0.0249002491812124,1.167249814537738,9888
chi_x,Chi_x_no_long,target,x,7,47,320,0.0254442961296633,1.1927531215551754,9888
chi_x,Chi_x_no_long,target,x,6,47,328,0.0262349127567138,1.2298148836515723,9888
chi_x,Chi_x_no_long,target,x,5,47,336,0.0257703218039132,1.2080362380024536,9888
chi_x,Chi_x_no_long,target,x,4,47,344,0.0245471127000421,1.1506958238867695,9888
chi_x,Chi_x_no_long,target,x,3,47,352,0.0238850431475726,1.1196599673093144,9888
chi_y,Chi_y_no_long,target,y,47,47,0,0.017640058143077,0.8363215533389474,2472
chi_y,Chi_y_no_long,target,y,46,47,8,0.0232099628101407,1.100392753406778,4944
chi_y,Chi_y_no_long,target,y,45,47,16,0.0302066909012784,1.4321101694158025,7416
chi_y,Chi_y_no_long,target,y,44,47,24,0.0326286861820743,1.5469378439611867,9888
chi_y,Chi_y_no_long,target,y,43,47,32,0.0342907755334076,1.6257381028277185,9888
chi_y,Chi_y_no_long,target,y,42,47,40,0.0321103897936275,1.5223652242362378,9888
chi_y,Chi_y_no_long,target,y,41,47,48,0.0305545753697424,1.448603498218266,9888
chi_y,Chi_y_no_long,target,y,40,47,56,0.0299186537290909,1.418454222632104,9888
chi_y,Chi_y_no_long,target,y,39,47,64,0.0284998131328537,1.3511864754534402,9888
chi_y,Chi_y_no_long,target,y,38,47,72,0.0243065990307124,1.152384674294871,9888
chi_y,Chi_y_no_long,target,y,37,47,80,0.0190743084308695,0.9043198795822338,9888
chi_y,Chi_y_no_long,target,y,36,47,88,0.0157751357126969,0.7479049046418905,9888
chi_y,Chi_y_no_long,target,y,35,47,96,0.0146572900446547,0.6949074361580838,9888
chi_y,Chi_y_no_long,target,y,34,47,104,0.0151575481607877,0.7186248548514534,9888
chi_y,Chi_y_no_long,target,y,33,47,112,0.0162100611322901,0.7685248765008558,9888
chi_y,Chi_y_no_long,target,y,32,47,120,0.0162201799330221,0.7690046125129176,9888
chi_y,Chi_y_no_long,target,y,31,47,128,0.0154288951011347,0.7314895116912528,9888
chi_y,Chi_y_no_long,target,y,30,47,136,0.0147984975897774,0.7016021370781332,9888
chi_y,Chi_y_no_long,target,y,29,47,144,0.0138960022347444,0.6588145050261023,9888
chi_y,Chi_y_no_long,target,y,28,47,152,0.0133806851521485,0.6343831352719272,9888
chi_y,Chi_y_no_long,target,y,27,47,160,0.0135244101536302,0.6411971897108565,9888
chi_y,Chi_y_no_long,target,y,26,47,168,0.013563870001066,0.6430679953870273,9888
chi_y,Chi_y_no_long,target,y,25,47,176,0.0130758177409275,0.6199292607525366,9888
chi_y,Chi_y_no_long,target,y,24,47,184,0.0123560469247506,0.5858046653486747,9888
chi_y,Chi_y_no_long,target,y,23,47,192,0.0121213324913319,0.5746767689463113,9888
chi_y,Chi_y_no_long,target,y,22,47,200,0.0123048355348096,0.5833767147808975,9888
chi_y,Chi_y_no_long,target,y,21,47,208,0.0127859364289224,0.6061858826313483,9888
chi_y,Chi_y_no_long,target,y,20,47,216,0.0138156127437905,0.6550032101085123,9888
chi_y,Chi_y_no_long,target,y,19,47,224,0.0153773554564677,0.7290459984478831,9888
chi_y,Chi_y_no_long,target,y,18,47,232,0.0175276432877069,0.8309919242810991,9888
chi_y,Chi_y_no_long,target,y,17,47,240,0.0203512949213767,0.9648622721679944,9888
chi_y,Chi_y_no_long,target,y,16,47,248,0.022869505499664,1.0842515488577873,9888
chi_y,Chi_y_no_long,target,y,15,47,256,0.0232186548073832,1.1008048441480016,9888
chi_y,Chi_y_no_long,target,y,14,47,264,0.0215499036590537,1.0216887470701248,9888
chi_y,Chi_y_no_long,target,y,13,47,272,0.0201423750213186,0.9549573039460754,9888
chi_y,Chi_y_no_long,target,y,12,47,280,0.0215707952268561,1.0226792238754991,9888
chi_y,Chi_y_no_long,target,y,11,47,288,0.0235452236557341,1.1162875916712676,9888
chi_y,Chi_y_no_long,target,y,10,47,296,0.0234322154268573,1.1109298305602897,9888
chi_y,Chi_y_no_long,target,y,9,47,304,0.0241864019271769,1.1466860860294406,9888
chi_y,Chi_y_no_long,target,y,8,47,312,0.0275793377640144,1.3075464044267997,9888
chi_y,Chi_y_no_long,target,y,7,47,320,0.0304386659875447,1.4431081923763058,9888
chi_y,Chi_y_no_long,target,y,6,47,328,0.0317820559172593,1.5067987960946256,9888
chi_y,Chi_y_no_long,target,y,5,47,336,0.030550873663951,1.4484279990043532,9888
chi_y,Chi_y_no_long,target,y,4,47,344,0.0275846289940879,1.3077972635633337,9888
chi_y,Chi_y_no_long,target,y,3,47,352,0.0259399811886556,1.229823914712755,9888
AAM_x,aam_x,AAM,x,47,47,0,0.0130191114912442,0.6361585550249791,2472
AAM_x,aam_x,AAM,x,46,47,8,0.016162293132797,0.7897452181867477,4944
AAM_x,aam_x,AAM,x,45,47,16,0.0185693517908085,0.9073623811376004,7416
AAM_x,aam_x,AAM,x,44,47,24,0.0202981577814398,0.9918377865182316,9888
AAM_x,aam_x,AAM,x,43,47,32,0.0227630859262614,1.112282651584845,9888
AAM_x,aam_x,AAM,x,42,47,40,0.0242190627204641,1.183426684276541,9888
AAM_x,aam_x,AAM,x,41,47,48,0.0237885428922117,1.1623900050811269,9888
AAM_x,aam_x,AAM,x,40,47,56,0.0227286439723888,1.1105996992864045,9888
AAM_x,aam_x,AAM,x,39,47,64,0.0213833735263308,1.0448651594403016,9888
AAM_x,aam_x,AAM,x,38,47,72,0.02035934242557,0.9948274786201656,9888
AAM_x,aam_x,AAM,x,37,47,80,0.0200338477490889,0.9789226894801576,9888
AAM_x,aam_x,AAM,x,36,47,88,0.0204052322913739,0.997069815260402,9888
AAM_x,aam_x,AAM,x,35,47,96,0.0200173010944914,0.9781141630391388,9888
AAM_x,aam_x,AAM,x,34,47,104,0.0193032307465457,0.943222230433688,9888
AAM_x,aam_x,AAM,x,33,47,112,0.0182799681644654,0.8932221020789118,9888
AAM_x,aam_x,AAM,x,32,47,120,0.0178419242904218,0.8718177721339286,9888
AAM_x,aam_x,AAM,x,31,47,128,0.0176350626834624,0.8617098027028396,9888
AAM_x,aam_x,AAM,x,30,47,136,0.0175568805390963,0.8578895542917183,9888
AAM_x,aam_x,AAM,x,29,47,144,0.0162161207244795,0.7923754194081012,9888
AAM_x,aam_x,AAM,x,28,47,152,0.0146624499704162,0.7164577239068257,9888
AAM_x,aam_x,AAM,x,27,47,160,0.0134783833335646,0.6586001564945351,9888
AAM_x,aam_x,AAM,x,26,47,168,0.0135097776825475,0.6601341923385579,9888
AAM_x,aam_x,AAM,x,25,47,176,0.0144110396943449,0.7041729533177163,9888
AAM_x,aam_x,AAM,x,24,47,184,0.0158895939551574,0.7764201986629218,9888
AAM_x,aam_x,AAM,x,23,47,192,0.0170882697437778,0.8349916194657176,9888
AAM_x,aam_x,AAM,x,22,47,200,0.0174758073191386,0.8539280379859217,9888
AAM_x,aam_x,AAM,x,21,47,208,0.0175758899350887,0.8588184187456808,9888
AAM_x,aam_x,AAM,x,20,47,216,0.0178544593759972,0.8724302795183319,9888
AAM_x,aam_x,AAM,x,19,47,224,0.0184291101151519,0.9005096906294939,9888
AAM_x,aam_x,AAM,x,18,47,232,0.0193323132118618,0.944643299692099,9888
AAM_x,aam_x,AAM,x,17,47,240,0.0199266869838636,0.973686446007864,9888
AAM_x,aam_x,AAM,x,16,47,248,0.0194542257665767,0.9506003663244144,9888
AAM_x,aam_x,AAM,x,15,47,256,0.018739906633552,0.9156962772245298,9888
AAM_x,aam_x,AAM,x,14,47,264,0.0191899713491324,0.9376879868219116,9888
AAM_x,aam_x,AAM,x,13,47,272,0.0211538828923172,1.033651457935095,9888
AAM_x,aam_x,AAM,x,12,47,280,0.0231782636237312,1.1325696615147196,9888
AAM_x,aam_x,AAM,x,11,47,288,0.0246423953348879,1.2041121714903102,9888
AAM_x,aam_x,AAM,x,10,47,296,0.0253440827228502,1.2383990300908805,9888
AAM_x,aam_x,AAM,x,9,47,304,0.0240552375807851,1.1754216246221203,9888
AAM_x,aam_x,AAM,x,8,47,312,0.0242436073763612,1.1846260205630137,9888
AAM_x,aam_x,AAM,x,7,47,320,0.0259607769134483,1.2685328288103248,9888
AAM_x,aam_x,AAM,x,6,47,328,0.0288041466871572,1.4074696531750963,9888
AAM_x,aam_x,AAM,x,5,47,336,0.0311492847787082,1.5220611643284083,9888
AAM_x,aam_x,AAM,x,4,47,344,0.0322327705163958,1.575004003149709,9888
AAM_x,aam_x,AAM,x,3,47,352,0.0325710923070989,1.5915355691979698,9888
AAM_y,aam_y,AAM,y,47,47,0,0.0306102031493663,1.399514420610616,2472
AAM_y,aam_y,AAM,y,46,47,8,0.031909323144375,1.4589108629748309,4944
AAM_y,aam_y,AAM,y,45,47,16,0.0331563295812933,1.5159246463380254,7416
AAM_y,aam_y,AAM,y,44,47,24,0.0323919783530302,1.4809781103367514,9888
AAM_y,aam_y,AAM,y,43,47,32,0.0320406417420151,1.4649148176103135,9888
AAM_y,aam_y,AAM,y,42,47,40,0.0297078506874702,1.358258396377948,9888
AAM_y,aam_y,AAM,y,41,47,48,0.0263842234185496,1.2063004276937266,9888
AAM_y,aam_y,AAM,y,40,47,56,0.0234515948056581,1.0722191210780947,9888
AAM_y,aam_y,AAM,y,39,47,64,0.0208413481422893,0.9528772849945616,9888
AAM_y,aam_y,AAM,y,38,47,72,0.0183898595743007,0.8407939516654558,9888
AAM_y,aam_y,AAM,y,37,47,80,0.0162245584147598,0.7417952556112247,9888
AAM_y,aam_y,AAM,y,36,47,88,0.0153837483129861,0.7033529801161754,9888
AAM_y,aam_y,AAM,y,35,47,96,0.0164007425949959,0.7498504880355467,9888
AAM_y,aam_y,AAM,y,34,47,104,0.0179835113085035,0.8222154974487924,9888
AAM_y,aam_y,AAM,y,33,47,112,0.0186762784278518,0.8538891707309271,9888
AAM_y,aam_y,AAM,y,32,47,120,0.0182131144595525,0.8327130730232726,9888
AAM_y,aam_y,AAM,y,31,47,128,0.0172432669058562,0.7883711380622843,9888
AAM_y,aam_y,AAM,y,30,47,136,0.0159832967472444,0.7307646465956366,9888
AAM_y,aam_y,AAM,y,29,47,144,0.0152071105850834,0.6952770112564617,9888
AAM_y,aam_y,AAM,y,28,47,152,0.0150838190214415,0.6896400567934534,9888
AAM_y,aam_y,AAM,y,27,47,160,0.0151576153260696,0.6930140622520524,9888
AAM_y,aam_y,AAM,y,26,47,168,0.0154098279121525,0.7045453529645019,9888
AAM_y,aam_y,AAM,y,25,47,176,0.016109916729421,0.7365537780864969,9888
AAM_y,aam_y,AAM,y,24,47,184,0.0168806955097179,0.7717941851122997,9888
AAM_y,aam_y,AAM,y,23,47,192,0.018037072619302,0.8246643484571798,9888
AAM_y,aam_y,AAM,y,22,47,200,0.0199268338118375,0.9110652138012733,9888
AAM_y,aam_y,AAM,y,21,47,208,0.0221339488527024,1.011975662273776,9888
AAM_y,aam_y,AAM,y,20,47,216,0.0240076278724276,1.0976412423062043,9888
AAM_y,aam_y,AAM,y,19,47,224,0.0252921960183022,1.1563723665537702,9888
AAM_y,aam_y,AAM,y,18,47,232,0.0248306538480633,1.1352704182975806,9888
AAM_y,aam_y,AAM,y,17,47,240,0.0231830914241715,1.059943006720423,9888
AAM_y,aam_y,AAM,y,16,47,248,0.0218498491534121,0.9989864761482292,9888
AAM_y,aam_y,AAM,y,15,47,256,0.0211930026740207,0.96895511322163,9888
AAM_y,aam_y,AAM,y,14,47,264,0.0215671180739435,0.9860598640332976,9888
AAM_y,aam_y,AAM,y,13,47,272,0.0231592844070479,1.0588545375059704,9888
AAM_y,aam_y,AAM,y,12,47,280,0.0249131969589184,1.139044332289595,9888
AAM_y,aam_y,AAM,y,11,47,288,0.0263869045426568,1.2064230100834377,9888
AAM_y,aam_y,AAM,y,10,47,296,0.0274754287411798,1.25619090301714,9888
AAM_y,aam_y,AAM,y,9,47,304,0.027119968147838,1.2399390596721882,9888
AAM_y,aam_y,AAM,y,8,47,312,0.0253031704413103,1.15687412288589,9888
AAM_y,aam_y,AAM,y,7,47,320,0.0236245237415621,1.0801255220371997,9888
AAM_y,aam_y,AAM,y,6,47,328,0.0218407188387343,0.9985690334088267,9888
AAM_y,aam_y,AAM,y,5,47,336,0.0189211449893045,0.8650845973736773,9888
AAM_y,aam_y,AAM,y,4,47,344,0.0171802174075038,0.7854884821803261,9888
AAM_y,aam_y,AAM,y,3,47,352,0.0174539559749051,0.798003951962935,9888
OAM_x,oam_x,OAM,x,47,47,0,0.0134534113816268,0.6571256331776468,2472
OAM_x,oam_x,OAM,x,46,47,8,0.0159503439269831,0.7790871441524733,4944
OAM_x,oam_x,OAM,x,45,47,16,0.0192726406026533,0.9413631828964673,7416
OAM_x,oam_x,OAM,x,44,47,24,0.0218074524998494,1.0651748932263847,9888
OAM_x,oam_x,OAM,x,43,47,32,0.0238825060374396,1.166529919924573,9888
OAM_x,oam_x,OAM,x,42,47,40,0.0247179252379888,1.2073355829313104,9888
OAM_x,oam_x,OAM,x,41,47,48,0.0234011606929156,1.1430188300362945,9888
OAM_x,oam_x,OAM,x,40,47,56,0.0227457498599667,1.111005592175951,9888
OAM_x,oam_x,OAM,x,39,47,64,0.0213827975987094,1.0444328217266092,9888
OAM_x,oam_x,OAM,x,38,47,72,0.0202829860246666,0.9907130359809684,9888
OAM_x,oam_x,OAM,x,37,47,80,0.0200070871089048,0.9772368815268953,9888
OAM_x,oam_x,OAM,x,36,47,88,0.0204928652816206,1.000964490850256,9888
OAM_x,oam_x,OAM,x,35,47,96,0.0200613560236785,0.9798876214746222,9888
OAM_x,oam_x,OAM,x,34,47,104,0.0191970437578573,0.9376706901083088,9888
OAM_x,oam_x,OAM,x,33,47,112,0.019153228824223,0.9355305700160594,9888
OAM_x,oam_x,OAM,x,32,47,120,0.0182041366522967,0.8891726034951873,9888
OAM_x,oam_x,OAM,x,31,47,128,0.0187828142730622,0.9174378432298882,9888
OAM_x,oam_x,OAM,x,30,47,136,0.017962849780331,0.8773870582516624,9888
OAM_x,oam_x,OAM,x,29,47,144,0.0169678565743915,0.8287870770340043,9888
OAM_x,oam_x,OAM,x,28,47,152,0.0148589194533932,0.7257770224347351,9888
OAM_x,oam_x,OAM,x,27,47,160,0.013962430063428,0.6819884143778614,9888
OAM_x,oam_x,OAM,x,26,47,168,0.0143632811775755,0.7015678009529179,9888
OAM_x,oam_x,OAM,x,25,47,176,0.0148125493233031,0.7235120949578545,9888
OAM_x,oam_x,OAM,x,24,47,184,0.0163146393185245,0.7968809834278613,9888
OAM_x,oam_x,OAM,x,23,47,192,0.0170932530392631,0.8349120091452401,9888
OAM_x,oam_x,OAM,x,22,47,200,0.0173733058037253,0.8485910564106602,9888
OAM_x,oam_x,OAM,x,21,47,208,0.0172475686287068,0.8424494824704746,9888
OAM_x,oam_x,OAM,x,20,47,216,0.0174787749531178,0.8537426480485901,9888
OAM_x,oam_x,OAM,x,19,47,224,0.0182694867692973,0.8923645996212297,9888
OAM_x,oam_x,OAM,x,18,47,232,0.0191939037809349,0.9375173193932708,9888
OAM_x,oam_x,OAM,x,17,47,240,0.019252734270559,0.9403908673468512,9888
OAM_x,oam_x,OAM,x,16,47,248,0.0191154438163888,0.933684978850123,9888
OAM_x,oam_x,OAM,x,15,47,256,0.0189613883962651,0.9261602133745412,9888
OAM_x,oam_x,OAM,x,14,47,264,0.0194529084763384,0.9501682834971006,9888
OAM_x,oam_x,OAM,x,13,47,272,0.020664064957503,1.0093266595391348,9888
OAM_x,oam_x,OAM,x,12,47,280,0.0227383932463403,1.1106462617986828,9888
OAM_x,oam_x,OAM,x,11,47,288,0.0250605917648687,1.2240729703535254,9888
OAM_x,oam_x,OAM,x,10,47,296,0.0241686657021835,1.1805072558991163,9888
OAM_x,oam_x,OAM,x,9,47,304,0.0243615170236036,1.1899269891624862,9888
OAM_x,oam_x,OAM,x,8,47,312,0.0247199207221123,1.2074330514269145,9888
OAM_x,oam_x,OAM,x,7,47,320,0.0263309498072311,1.2861230191678912,9888
OAM_x,oam_x,OAM,x,6,47,328,0.0272822975036689,1.3325911557364007,9888
OAM_x,oam_x,OAM,x,5,47,336,0.0289718861200985,1.4151183273129233,9888
OAM_x,oam_x,OAM,x,4,47,344,0.0311720226353765,1.522582973986389,9888
OAM_x,oam_x,OAM,x,3,47,352,0.0303432526558102,1.4821020890916572,9888
OAM_y,oam_y,OAM,y,47,47,0,0.0342150543846809,1.5542589046552475,2472
OAM_y,oam_y,OAM,y,46,47,8,0.0352639217085977,1.6019049308655533,4944
OAM_y,oam_y,OAM,y,45,47,16,0.0349523197469621,1.5877500469324468,7416
OAM_y,oam_y,OAM,y,44,47,24,0.0328886046974647,1.4940033745966428,9888
OAM_y,oam_y,OAM,y,43,47,32,0.031492996179537,1.4306062236813106,9888
OAM_y,oam_y,OAM,y,42,47,40,0.0290942719859221,1.3216413687428636,9888
OAM_y,oam_y,OAM,y,41,47,48,0.0274852879524013,1.248551385210129,9888
OAM_y,oam_y,OAM,y,40,47,56,0.0253667046818155,1.152312259691282,9888
OAM_y,oam_y,OAM,y,39,47,64,0.0222437914256725,1.0104502687017431,9888
OAM_y,oam_y,OAM,y,38,47,72,0.0202583514589949,0.9202593336480556,9888
OAM_y,oam_y,OAM,y,37,47,80,0.0173667511452546,0.7889050038900123,9888
OAM_y,oam_y,OAM,y,36,47,88,0.0163161511895629,0.7411802708527533,9888
OAM_y,oam_y,OAM,y,35,47,96,0.0173835713530565,0.7896690815226365,9888
OAM_y,oam_y,OAM,y,34,47,104,0.0192499333351373,0.8744507597086534,9888
OAM_y,oam_y,OAM,y,33,47,112,0.0189413404058434,0.860432564592663,9888
OAM_y,oam_y,OAM,y,32,47,120,0.0182128374127411,0.8273394631944608,9888
OAM_y,oam_y,OAM,y,31,47,128,0.0170125091798225,0.772813147861224,9888
OAM_y,oam_y,OAM,y,30,47,136,0.0153856858785841,0.6989127947060794,9888
OAM_y,oam_y,OAM,y,29,47,144,0.0149226220087933,0.6778775762623348,9888
OAM_y,oam_y,OAM,y,28,47,152,0.0146190490105639,0.6640874173923206,9888
OAM_y,oam_y,OAM,y,27,47,160,0.0147035914947273,0.6679278587183864,9888
OAM_y,oam_y,OAM,y,26,47,168,0.0148217021178424,0.6732931720581564,9888
OAM_y,oam_y,OAM,y,25,47,176,0.0152353058269806,0.6920816047959463,9888
OAM_y,oam_y,OAM,y,24,47,184,0.0162216680107995,0.7368882618358418,9888
OAM_y,oam_y,OAM,y,23,47,192,0.0175697466555811,0.7981263126151925,9888
OAM_y,oam_y,OAM,y,22,47,200,0.0194534656585113,0.8836964537950223,9888
OAM_y,oam_y,OAM,y,21,47,208,0.0215594780502656,0.9793645324248734,9888
OAM_y,oam_y,OAM,y,20,47,216,0.023303431703799,1.058585668970078,9888
OAM_y,oam_y,OAM,y,19,47,224,0.0251222751195732,1.1412087606465406,9888
OAM_y,oam_y,OAM,y,18,47,232,0.0255973612074415,1.1627901024221583,9888
OAM_y,oam_y,OAM,y,17,47,240,0.0239312690298484,1.0871059145823143,9888
OAM_y,oam_y,OAM,y,16,47,248,0.0225644476218791,1.0250164518410023,9888
OAM_y,oam_y,OAM,y,15,47,256,0.021134378929234,0.9600539071429148,9888
OAM_y,oam_y,OAM,y,14,47,264,0.0209514637262053,0.9517447698869058,9888
OAM_y,oam_y,OAM,y,13,47,272,0.0218487981693188,0.9925072375709364,9888
OAM_y,oam_y,OAM,y,12,47,280,0.0231547024375885,1.0518294679191758,9888
OAM_y,oam_y,OAM,y,11,47,288,0.0243378168861247,1.105573826942816,9888
OAM_y,oam_y,OAM,y,10,47,296,0.0255650286360237,1.1613213575102983,9888
OAM_y,oam_y,OAM,y,9,47,304,0.0260750735391923,1.1844907444009602,9888
OAM_y,oam_y,OAM,y,8,47,312,0.0256863031401652,1.1668303938499838,9888
OAM_y,oam_y,OAM,y,7,47,320,0.0243100476860861,1.1043123785186804,9888
OAM_y,oam_y,OAM,y,6,47,328,0.0216555886091175,0.9837304670876524,9888
OAM_y,oam_y,OAM,y,5,47,336,0.0187333246791228,0.850983206660072,9888
OAM_y,oam_y,OAM,y,4,47,344,0.0169354875383921,0.769314349621761,9888
OAM_y,oam_y,OAM,y,3,47,352,0.0174748742270956,0.7938166214739218,9888
HAM_x,ham_x,HAM,x,47,47,0,0.015995125406558,0.7691519207459072,2472
HAM_x,ham_x,HAM,x,46,47,8,0.0212535902869323,1.022013855873751,4944
HAM_x,ham_x,HAM,x,45,47,16,0.0354027164158918,1.7023978642731672,7416
HAM_x,ham_x,HAM,x,44,47,24,0.0371382670493556,1.785854671853625,9888
HAM_x,ham_x,HAM,x,43,47,32,0.0383561789381195,1.8444199687632687,9888
HAM_x,ham_x,HAM,x,42,47,40,0.0383904005419097,1.8460655708837388,9888
HAM_x,ham_x,HAM,x,41,47,48,0.0341822341316948,1.643708965670245,9888
HAM_x,ham_x,HAM,x,40,47,56,0.0304247294941631,1.4630231732359942,9888
HAM_x,ham_x,HAM,x,39,47,64,0.031443853079474,1.5120294075227203,9888
HAM_x,ham_x,HAM,x,38,47,72,0.0276685913019106,1.3304897337955628,9888
HAM_x,ham_x,HAM,x,37,47,80,0.020713248093012,0.9960306124948992,9888
HAM_x,ham_x,HAM,x,36,47,88,0.016370491478849,0.7872020158934634,9888
HAM_x,ham_x,HAM,x,35,47,96,0.014592705072564,0.7017142316895706,9888
HAM_x,ham_x,HAM,x,34,47,104,0.0144284633217343,0.6938163968863762,9888
HAM_x,ham_x,HAM,x,33,47,112,0.0152088926922257,0.7313446271479473,9888
HAM_x,ham_x,HAM,x,32,47,120,0.01472711124236,0.7081773734925256,9888
HAM_x,ham_x,HAM,x,31,47,128,0.0136554472202907,0.656644645863463,9888
HAM_x,ham_x,HAM,x,30,47,136,0.0126880810891215,0.6101272539117689,9888
HAM_x,ham_x,HAM,x,29,47,144,0.0118813985102563,0.5713365949331293,9888
HAM_x,ham_x,HAM,x,28,47,152,0.0114574097160988,0.5509483962093287,9888
HAM_x,ham_x,HAM,x,27,47,160,0.0113856336262478,0.5474969248410638,9888
HAM_x,ham_x,HAM,x,26,47,168,0.0115864322474361,0.5571526568997069,9888
HAM_x,ham_x,HAM,x,25,47,176,0.0117472639636356,0.5648865145774361,9888
HAM_x,ham_x,HAM,x,24,47,184,0.0118913827833451,0.5718167051309718,9888
HAM_x,ham_x,HAM,x,23,47,192,0.011885561401062,0.5715367743864102,9888
HAM_x,ham_x,HAM,x,22,47,200,0.0118936619205492,0.5719263011931263,9888
HAM_x,ham_x,HAM,x,21,47,208,0.012144281747584,0.5839777679019613,9888
HAM_x,ham_x,HAM,x,20,47,216,0.0126718435755249,0.6093464463561249,9888
HAM_x,ham_x,HAM,x,19,47,224,0.0134053809163583,0.6446197962236754,9888
HAM_x,ham_x,HAM,x,18,47,232,0.0148504095899996,0.7141063773922328,9888
HAM_x,ham_x,HAM,x,17,47,240,0.0174369519374379,0.8384845216115435,9888
HAM_x,ham_x,HAM,x,16,47,248,0.0199600891516431,0.9598137256836614,9888
HAM_x,ham_x,HAM,x,15,47,256,0.0211583322544914,1.017433216662985,9888
HAM_x,ham_x,HAM,x,14,47,264,0.0209069757834332,1.0053463272143373,9888
HAM_x,ham_x,HAM,x,13,47,272,0.0189010528719713,0.9088882238232528,9888
HAM_x,ham_x,HAM,x,12,47,280,0.0166075382455951,0.7986007996675901,9888
HAM_x,ham_x,HAM,x,11,47,288,0.0163846120445744,0.7878810265278717,9888
HAM_x,ham_x,HAM,x,10,47,296,0.0190305162788131,0.9151136847376008,9888
HAM_x,ham_x,HAM,x,9,47,304,0.0261706889288639,1.2584606338019892,9888
HAM_x,ham_x,HAM,x,8,47,312,0.0329356931708365,1.5837669927276936,9888
HAM_x,ham_x,HAM,x,7,47,320,0.0337446098648538,1.6226650828090454,9888
HAM_x,ham_x,HAM,x,6,47,328,0.0319908744601085,1.5383338305834848,9888
HAM_x,ham_x,HAM,x,5,47,336,0.0298915120798647,1.437382536607124,9888
HAM_x,ham_x,HAM,x,4,47,344,0.0270112451645338,1.2988801632978555,9888
HAM_x,ham_x,HAM,x,3,47,352,0.0242392806310369,1.1655856882008064,9888
HAM_y,ham_y,HAM,y,47,47,0,0.036715941582455,1.6606668791951016,2472
HAM_y,ham_y,HAM,y,46,47,8,0.0358288581479445,1.6205439784800018,4944
HAM_y,ham_y,HAM,y,45,47,16,0.0328342760342353,1.485098634606721,7416
HAM_y,ham_y,HAM,y,44,47,24,0.0361321927768982,1.6342638437457484,9888
HAM_y,ham_y,HAM,y,43,47,32,0.0438998449841574,1.985595777334679,9888
HAM_y,ham_y,HAM,y,42,47,40,0.0476468612313565,2.155073816282834,9888
HAM_y,ham_y,HAM,y,41,47,48,0.044481801248551,2.011917735910849,9888
HAM_y,ham_y,HAM,y,40,47,56,0.0345780753625239,1.5639709081652822,9888
HAM_y,ham_y,HAM,y,39,47,64,0.0285621544547006,1.2918700122358302,9888
HAM_y,ham_y,HAM,y,38,47,72,0.0249056973340926,1.1264879745246588,9888
HAM_y,ham_y,HAM,y,37,47,80,0.0195778117394165,0.8855070065342497,9888
HAM_y,ham_y,HAM,y,36,47,88,0.0156929852742666,0.7097957932563139,9888
HAM_y,ham_y,HAM,y,35,47,96,0.0147721501488963,0.6681462991130718,9888
HAM_y,ham_y,HAM,y,34,47,104,0.0144948443739001,0.655603722344027,9888
HAM_y,ham_y,HAM,y,33,47,112,0.0142159965334113,0.6429913977494119,9888
HAM_y,ham_y,HAM,y,32,47,120,0.0143457556711206,0.6488604206582465,9888
HAM_y,ham_y,HAM,y,31,47,128,0.0139926850364095,0.632890989293825,9888
HAM_y,ham_y,HAM,y,30,47,136,0.0129176115606267,0.5842652742233242,9888
HAM_y,ham_y,HAM,y,29,47,144,0.012336287262451,0.5579718995625191,9888
HAM_y,ham_y,HAM,y,28,47,152,0.0122800545176732,0.5554284851012791,9888
HAM_y,ham_y,HAM,y,27,47,160,0.0123262325120953,0.5575171218780942,9888
HAM_y,ham_y,HAM,y,26,47,168,0.0125750090158016,0.5687693159447842,9888
HAM_y,ham_y,HAM,y,25,47,176,0.0127728251447018,0.5777165655392776,9888
HAM_y,ham_y,HAM,y,24,47,184,0.0127946543023966,0.5787039012202431,9888
HAM_y,ham_y,HAM,y,23,47,192,0.0130612776793144,0.5907633117156028,9888
HAM_y,ham_y,HAM,y,22,47,200,0.0134932700095232,0.6103023817741218,9888
HAM_y,ham_y,HAM,y,21,47,208,0.0139789066570175,0.6322677913770858,9888
HAM_y,ham_y,HAM,y,20,47,216,0.0159177004965301,0.7199596923905842,9888
HAM_y,ham_y,HAM,y,19,47,224,0.0200212954968713,0.9055658353623798,9888
HAM_y,ham_y,HAM,y,18,47,232,0.0246009133675015,1.1127025555264582,9888
HAM_y,ham_y,HAM,y,17,47,240,0.0274213610992922,1.240271778343939,9888
HAM_y,ham_y,HAM,y,16,47,248,0.0279999371677674,1.2664408502130011,9888
HAM_y,ham_y,HAM,y,15,47,256,0.0260034592742075,1.176139891828637,9888
HAM_y,ham_y,HAM,y,14,47,264,0.0220326289809301,0.9965387140638944,9888
HAM_y,ham_y,HAM,y,13,47,272,0.0184919270105799,0.8363922970625337,9888
HAM_y,ham_y,HAM,y,12,47,280,0.0171836362810524,0.7772181348527748,9888
HAM_y,ham_y,HAM,y,11,47,288,0.0184907908759457,0.8363409095432193,9888
HAM_y,ham_y,HAM,y,10,47,296,0.0216195724196087,0.9778561113290508,9888
HAM_y,ham_y,HAM,y,9,47,304,0.0237055233189264,1.0722039455618917,9888
HAM_y,ham_y,HAM,y,8,47,312,0.0234991824090728,1.0628711190007831,9888
HAM_y,ham_y,HAM,y,7,47,320,0.0237046298866692,1.0721635355030927,9888
HAM_y,ham_y,HAM,y,6,47,328,0.0241162340203618,1.090780444744761,9888
HAM_y,ham_y,HAM,y,5,47,336,0.0216934628277946,0.9811981842346056,9888
HAM_y,ham_y,HAM,y,4,47,344,0.0188770813678963,0.853812879431001,9888
HAM_y,ham_y,HAM,y,3,47,352,0.018318582085424,0.8285518832402026,9888
SLAM_x,slam_x,SLAM,x,47,47,0,0.0122442828244276,0.612095196770075,2472
SLAM_x,slam_x,SLAM,x,46,47,8,0.0142003663805997,0.7098803726257964,4944
SLAM_x,slam_x,SLAM,x,45,47,16,0.0180775450925659,0.9037016442056296,7416
SLAM_x,slam_x,SLAM,x,44,47,24,0.0220506753476325,1.1023195608398606,9888
SLAM_x,slam_x,SLAM,x,43,47,32,0.0270827189157889,1.3538728565430145,9888
SLAM_x,slam_x,SLAM,x,42,47,40,0.0308218089490164,1.540791035618674,9888
SLAM_x,slam_x,SLAM,x,41,47,48,0.030896432275108,1.5445214770110098,9888
SLAM_x,slam_x,SLAM,x,40,47,56,0.0265276136894725,1.3261229876774925,9888
SLAM_x,slam_x,SLAM,x,39,47,64,0.02321844313428,1.1606966061433013,9888
SLAM_x,slam_x,SLAM,x,38,47,72,0.0214915724074471,1.0743698451158197,9888
SLAM_x,slam_x,SLAM,x,37,47,80,0.0198192808497804,0.990771512349055,9888
SLAM_x,slam_x,SLAM,x,36,47,88,0.0186837748737511,0.9340072441761036,9888
SLAM_x,slam_x,SLAM,x,35,47,96,0.0173081991655337,0.8652418214995167,9888
SLAM_x,slam_x,SLAM,x,34,47,104,0.0164534029254717,0.8225103132305888,9888
SLAM_x,slam_x,SLAM,x,33,47,112,0.0159675722342491,0.7982234981671913,9888
SLAM_x,slam_x,SLAM,x,32,47,120,0.0152820871995406,0.7639559054286611,9888
SLAM_x,slam_x,SLAM,x,31,47,128,0.0149378997134605,0.7467498746599451,9888
SLAM_x,slam_x,SLAM,x,30,47,136,0.0145918150857943,0.7294490052412954,9888
SLAM_x,slam_x,SLAM,x,29,47,144,0.0136591808249696,0.6828263520749419,9888
SLAM_x,slam_x,SLAM,x,28,47,152,0.0123895229495498,0.6193557921222328,9888
SLAM_x,slam_x,SLAM,x,27,47,160,0.0116038468724688,0.5800796205494078,9888
SLAM_x,slam_x,SLAM,x,26,47,168,0.0116057400927114,0.5801742631702562,9888
SLAM_x,slam_x,SLAM,x,25,47,176,0.0121735747941922,0.6085604821362501,9888
SLAM_x,slam_x,SLAM,x,24,47,184,0.0130338988320219,0.6515683265949582,9888
SLAM_x,slam_x,SLAM,x,23,47,192,0.0138226572484328,0.6909985851915552,9888
SLAM_x,slam_x,SLAM,x,22,47,200,0.0142811006099073,0.7139162998158725,9888
SLAM_x,slam_x,SLAM,x,21,47,208,0.014682633552554,0.7339890463428225,9888
SLAM_x,slam_x,SLAM,x,20,47,216,0.0150874848757092,0.7542276796594997,9888
SLAM_x,slam_x,SLAM,x,19,47,224,0.0154507493242008,0.7723873732297497,9888
SLAM_x,slam_x,SLAM,x,18,47,232,0.0158803649083163,0.7938639790273571,9888
SLAM_x,slam_x,SLAM,x,17,47,240,0.0163503170846212,0.8173570225932891,9888
SLAM_x,slam_x,SLAM,x,16,47,248,0.0168273569290049,0.8412043807115329,9888
SLAM_x,slam_x,SLAM,x,15,47,256,0.0172872663382131,0.8641953834809326,9888
SLAM_x,slam_x,SLAM,x,14,47,264,0.0180081109388903,0.9002306110250005,9888
SLAM_x,slam_x,SLAM,x,13,47,272,0.0186549347138754,0.9325655163438468,9888
SLAM_x,slam_x,SLAM,x,12,47,280,0.0188763245273886,0.9436328563757942,9888
SLAM_x,slam_x,SLAM,x,11,47,288,0.0197433060827027,0.9869735120356964,9888
SLAM_x,slam_x,SLAM,x,10,47,296,0.0213339779579949,1.0664916535605853,9888
SLAM_x,slam_x,SLAM,x,9,47,304,0.0240812124602715,1.2038266912558748,9888
SLAM_x,slam_x,SLAM,x,8,47,312,0.0278490134521534,1.3921801393578237,9888
SLAM_x,slam_x,SLAM,x,7,47,320,0.0317169626220194,1.585540023491051,9888
SLAM_x,slam_x,SLAM,x,6,47,328,0.0352213921726947,1.7607274579978758,9888
SLAM_x,slam_x,SLAM,x,5,47,336,0.0372876348265922,1.8640195186230109,9888
SLAM_x,slam_x,SLAM,x,4,47,344,0.0377552808092705,1.887397274910636,9888
SLAM_x,slam_x,SLAM,x,3,47,352,0.0358555542417394,1.7924294010191193,9888
SLAM_y,slam_y,SLAM,y,47,47,0,0.0371494755659805,1.672999191572362,2472
SLAM_y,slam_y,SLAM,y,46,47,8,0.0412181902354912,1.8562307513487644,4944
SLAM_y,slam_y,SLAM,y,45,47,16,0.0404923239541356,1.8235418995306376,7416
SLAM_y,slam_y,SLAM,y,44,47,24,0.0395777530904588,1.7823548762347272,9888
SLAM_y,slam_y,SLAM,y,43,47,32,0.0373504467443361,1.6820497801418053,9888
SLAM_y,slam_y,SLAM,y,42,47,40,0.0332596372609494,1.497823196742879,9888
SLAM_y,slam_y,SLAM,y,41,47,48,0.0311374080921447,1.4022501737149882,9888
SLAM_y,slam_y,SLAM,y,40,47,56,0.0288258770858065,1.298152082261991,9888
SLAM_y,slam_y,SLAM,y,39,47,64,0.0259180276780553,1.1671992320732552,9888
SLAM_y,slam_y,SLAM,y,38,47,72,0.0222752509757913,1.0031494740317946,9888
SLAM_y,slam_y,SLAM,y,37,47,80,0.0175146648019411,0.7887599921098634,9888
SLAM_y,slam_y,SLAM,y,36,47,88,0.0148669052288641,0.6695200955097568,9888
SLAM_y,slam_y,SLAM,y,35,47,96,0.0152498668958494,0.6867664913069658,9888
SLAM_y,slam_y,SLAM,y,34,47,104,0.0162012805232349,0.7296127012525105,9888
SLAM_y,slam_y,SLAM,y,33,47,112,0.0164265672203999,0.7397583212508207,9888
SLAM_y,slam_y,SLAM,y,32,47,120,0.0161334432369909,0.7265576991746723,9888
SLAM_y,slam_y,SLAM,y,31,47,128,0.0149357931991864,0.6726224143689727,9888
SLAM_y,slam_y,SLAM,y,30,47,136,0.0134186692392325,0.6042998574593845,9888
SLAM_y,slam_y,SLAM,y,29,47,144,0.0126849480130164,0.5712572640015362,9888
SLAM_y,slam_y,SLAM,y,28,47,152,0.0123702716983366,0.5570860486062814,9888
SLAM_y,slam_y,SLAM,y,27,47,160,0.0122264384697966,0.5506086254017123,9888
SLAM_y,slam_y,SLAM,y,26,47,168,0.0125875450267454,0.5668707924617526,9888
SLAM_y,slam_y,SLAM,y,25,47,176,0.0133974927997405,0.6033461921488873,9888
SLAM_y,slam_y,SLAM,y,24,47,184,0.0142960416607141,0.643811676387748,9888
SLAM_y,slam_y,SLAM,y,23,47,192,0.0154800885460649,0.6971343532706904,9888
SLAM_y,slam_y,SLAM,y,22,47,200,0.0170781532051558,0.7691020147788884,9888
SLAM_y,slam_y,SLAM,y,21,47,208,0.0188643030982992,0.8495399558730647,9888
SLAM_y,slam_y,SLAM,y,20,47,216,0.021632243179629,0.9741920928907438,9888
SLAM_y,slam_y,SLAM,y,19,47,224,0.025446265090256,1.1459537524001864,9888
SLAM_y,slam_y,SLAM,y,18,47,232,0.0282011894131605,1.270019734351298,9888
SLAM_y,slam_y,SLAM,y,17,47,240,0.028436805052618,1.2806305106362583,9888
SLAM_y,slam_y,SLAM,y,16,47,248,0.0264524582980009,1.1912669202841568,9888
SLAM_y,slam_y,SLAM,y,15,47,256,0.0232589662623798,1.0474503653398557,9888
SLAM_y,slam_y,SLAM,y,14,47,264,0.0206338972011838,0.9292323191819122,9888
SLAM_y,slam_y,SLAM,y,13,47,272,0.0201525826349429,0.9075566732153124,9888
SLAM_y,slam_y,SLAM,y,12,47,280,0.0209599038935324,0.9439137897662728,9888
SLAM_y,slam_y,SLAM,y,11,47,288,0.0219150412992133,0.9869276973167714,9888
SLAM_y,slam_y,SLAM,y,10,47,296,0.0235985000985249,1.062741020853236,9888
SLAM_y,slam_y,SLAM,y,9,47,304,0.0253335123061126,1.14087601405138,9888
SLAM_y,slam_y,SLAM,y,8,47,312,0.0255536559838289,1.1507900219677225,9888
SLAM_y,slam_y,SLAM,y,7,47,320,0.0245192961765054,1.104208392077049,9888
SLAM_y,slam_y,SLAM,y,6,47,328,0.0218054476460585,0.9819922280985388,9888
SLAM_y,slam_y,SLAM,y,5,47,336,0.01796649436608,0.809107802785961,9888
SLAM_y,slam_y,SLAM,y,4,47,344,0.0159415065702807,0.7179139731638169,9888
SLAM_y,slam_y,SLAM,y,3,47,352,0.0164945869294019,0.7428215386028176,9888
